{
  "database": {},
  "settings": {
    "anticall": false,
    "autobio": false,
    "autoread": true,
    "autopromosi": false,
    "autotyping": false,
    "readsw": false,
    "owneroffmode": false
  },
  "groups": {
    "120363273998919149@g.us": {
      "mute": false,
      "simi": false,
      "blacklistjpm": false
    },
    "120363164528596287@g.us": {
      "mute": false,
      "simi": false,
      "blacklistjpm": false
    },
    "120363338908577741@g.us": {
      "mute": false,
      "simi": false,
      "blacklistjpm": false
    },
    "6285395972710-1632765623@g.us": {
      "mute": false,
      "simi": false,
      "blacklistjpm": false
    },
    "120363347021473313@g.us": {
      "mute": false,
      "simi": false,
      "blacklistjpm": false
    },
    "6285395972710-1621392439@g.us": {
      "mute": false,
      "simi": false,
      "blacklistjpm": false
    },
    "120363390622111460@g.us": {
      "mute": false,
      "simi": false,
      "blacklistjpm": false
    },
    "120363226934829058@g.us": {
      "mute": false,
      "simi": false,
      "blacklistjpm": false
    },
    "120363029023341034@g.us": {
      "mute": false,
      "simi": false,
      "blacklistjpm": false
    },
    "120363312530823786@g.us": {
      "mute": false,
      "simi": false,
      "blacklistjpm": false
    },
    "120363312635446415@g.us": {
      "mute": false,
      "simi": false,
      "blacklistjpm": false
    },
    "120363022569726996@g.us": {
      "mute": false,
      "simi": false,
      "blacklistjpm": false
    },
    "120363307524763421@g.us": {
      "mute": false,
      "simi": false,
      "blacklistjpm": false
    },
    "120363165676528693@g.us": {
      "mute": false,
      "simi": false,
      "blacklistjpm": false
    },
    "120363164718520330@g.us": {
      "mute": false,
      "simi": false,
      "blacklistjpm": false
    },
    "120363156460248377@g.us": {
      "mute": false,
      "simi": false,
      "blacklistjpm": false
    },
    "120363402641990254@g.us": {
      "mute": false,
      "simi": false,
      "blacklistjpm": false
    },
    "120363419704683455@g.us": {
      "mute": false,
      "simi": false,
      "blacklistjpm": false
    }
  }
}